filename,target,score,logit_score,prototype_score,method_name,category,source,speaker_id,accent,media_state
fake/-4JaRGq9wuI.wav,1,0.11111699789762497,0.11111699789762497,0.00015770099707879126,openvoicev2,zeroshot,opensource,unknown,default,noise_mixed
fake/-qwUABizRhQ.wav,1,0.1721254140138626,0.1721254140138626,0.0022688338067382574,openvoicev2,zeroshot,opensource,unknown,default,noise_mixed
fake/0Wd1BCL3T-c.wav,1,0.11537712067365646,0.11537712067365646,0.0001640643458813429,openvoicev2,zeroshot,opensource,unknown,default,noise_mixed
fake/0dhWWrxQ2_0.wav,1,0.11306194216012955,0.11306194216012955,0.00015230361896101385,openvoicev2,zeroshot,opensource,unknown,default,noise_mixed
fake/183Ds-lLyfU.wav,1,0.11519133299589157,0.11519133299589157,0.00015497926506213844,openvoicev2,zeroshot,opensource,unknown,default,noise_mixed
fake/3uafsjqEra8.wav,1,0.11145253479480743,0.11145253479480743,0.00023770867846906185,openvoicev2,zeroshot,opensource,unknown,default,noise_mixed
fake/3wVpVH0Wa6E.wav,1,0.09721039235591888,0.09721039235591888,0.002457027556374669,openvoicev2,zeroshot,opensource,unknown,default,noise_mixed
fake/4mqdatCzWxk.wav,1,0.11340481787919998,0.11340481787919998,0.00015036365948617458,openvoicev2,zeroshot,opensource,unknown,default,noise_mixed
fake/53tStxFK-0U.wav,1,0.11240407079458237,0.11240407079458237,0.0001519607030786574,openvoicev2,zeroshot,opensource,unknown,default,noise_mixed
fake/5IH4FwGf5xI.wav,1,0.11011406034231186,0.11011406034231186,0.00016287487233057618,openvoicev2,zeroshot,opensource,unknown,default,noise_mixed
fake/62hZhwQSqj4.wav,1,0.11248896270990372,0.11248896270990372,0.0001561679528094828,openvoicev2,zeroshot,opensource,unknown,default,noise_mixed
fake/71aOUrkBAso.wav,1,0.10989656299352646,0.10989656299352646,0.00017380132339894772,openvoicev2,zeroshot,opensource,unknown,default,noise_mixed
fake/8QcbRM0Zq_c.wav,1,0.11194604635238647,0.11194604635238647,0.0001747546630213037,openvoicev2,zeroshot,opensource,unknown,default,noise_mixed
fake/8dNfUcLNyAQ.wav,1,0.11238016188144684,0.11238016188144684,0.00015077143325470388,openvoicev2,zeroshot,opensource,unknown,default,noise_mixed
fake/8emR7B415e8.wav,1,0.10827906429767609,0.10827906429767609,0.00017424336692783982,openvoicev2,zeroshot,opensource,unknown,default,noise_mixed
fake/8o0iOm-2sLw.wav,1,0.11170793324708939,0.11170793324708939,0.00016833948029670864,openvoicev2,zeroshot,opensource,unknown,default,noise_mixed
fake/A4hR3NQmCZU.wav,1,0.11032108962535858,0.11032108962535858,0.00018441054271534085,openvoicev2,zeroshot,opensource,unknown,default,noise_mixed
fake/ACYAbP6jXx0.wav,1,0.10875333100557327,0.10875333100557327,0.00020117270469199866,openvoicev2,zeroshot,opensource,unknown,default,noise_mixed
fake/AHRTqfEzqbs.wav,1,0.11364883929491043,0.11364883929491043,0.00015573966084048152,openvoicev2,zeroshot,opensource,unknown,default,noise_mixed
fake/AdfuRTQ_zRY.wav,1,0.11297408491373062,0.11297408491373062,0.00016970871365629137,openvoicev2,zeroshot,opensource,unknown,default,noise_mixed
fake/AsdukAObJ70.wav,1,0.11179501563310623,0.11179501563310623,0.0002210953098256141,openvoicev2,zeroshot,opensource,unknown,default,noise_mixed
fake/BJVJBQt9aN4.wav,1,0.11422190070152283,0.11422190070152283,0.00015175348380580544,openvoicev2,zeroshot,opensource,unknown,default,noise_mixed
fake/BQdc2T3jpik.wav,1,0.10575740784406662,0.10575740784406662,0.00022121127403806895,openvoicev2,zeroshot,opensource,unknown,default,noise_mixed
fake/CEOw-i5duBc.wav,1,0.11265736818313599,0.11265736818313599,0.00015084518236108124,openvoicev2,zeroshot,opensource,unknown,default,noise_mixed
fake/CQLb9yjjHFg.wav,1,0.11306238174438477,0.11306238174438477,0.0001613393542356789,openvoicev2,zeroshot,opensource,unknown,default,noise_mixed
fake/DRBzYQJTwyk.wav,1,0.1134696751832962,0.1134696751832962,0.00014731469855178148,openvoicev2,zeroshot,opensource,unknown,default,noise_mixed
fake/DUmcNcafDkw.wav,1,0.1133350282907486,0.1133350282907486,0.00015215105668175966,openvoicev2,zeroshot,opensource,unknown,default,noise_mixed
fake/F4WZ_k0vUDM.wav,1,0.10800864547491074,0.10800864547491074,0.0002694529539439827,openvoicev2,zeroshot,opensource,unknown,default,noise_mixed
fake/Fbqb3PGO9bk.wav,1,0.11164075881242752,0.11164075881242752,0.00015694300236646086,openvoicev2,zeroshot,opensource,unknown,default,noise_mixed
fake/G-7jbNPQ0TQ.wav,1,0.11231420934200287,0.11231420934200287,0.0001636927481740713,openvoicev2,zeroshot,opensource,unknown,default,noise_mixed
fake/GNzpx9gutoI.wav,1,0.11196084320545197,0.11196084320545197,0.00016856369620654732,openvoicev2,zeroshot,opensource,unknown,default,noise_mixed
fake/Gi5lqkqd9MQ.wav,1,0.11433737725019455,0.11433737725019455,0.00020018976647406816,openvoicev2,zeroshot,opensource,unknown,default,noise_mixed
fake/GrkzMDYv5dY.wav,1,0.11133062839508057,0.11133062839508057,0.00016514903109055012,openvoicev2,zeroshot,opensource,unknown,default,noise_mixed
fake/Ho9h0ouemWQ.wav,1,0.1118180975317955,0.1118180975317955,0.00018264417303726077,openvoicev2,zeroshot,opensource,unknown,default,noise_mixed
fake/I5j8I4fqSCQ.wav,1,0.10989271849393845,0.10989271849393845,0.00018325487326364964,openvoicev2,zeroshot,opensource,unknown,default,noise_mixed
fake/IZg4YL2yaM0.wav,1,0.11258786171674728,0.11258786171674728,0.0001841761259129271,openvoicev2,zeroshot,opensource,unknown,default,noise_mixed
fake/ImMgGpBf6zc.wav,1,0.189216747879982,0.189216747879982,0.002950634341686964,openvoicev2,zeroshot,opensource,unknown,default,noise_mixed
fake/JHU6D8TG4RA.wav,1,0.11093585193157196,0.11093585193157196,0.00015870097558945417,openvoicev2,zeroshot,opensource,unknown,default,noise_mixed
fake/JN2bKX46-pE.wav,1,0.10933984816074371,0.10933984816074371,0.00016862347547430545,openvoicev2,zeroshot,opensource,unknown,default,noise_mixed
fake/JONzK-AUzro.wav,1,0.11094670742750168,0.11094670742750168,0.00018352312326896936,openvoicev2,zeroshot,opensource,unknown,default,noise_mixed
fake/K_XwseDwmuQ.wav,1,0.11368253827095032,0.11368253827095032,0.0002158666611649096,openvoicev2,zeroshot,opensource,unknown,default,noise_mixed
fake/L9uXDCzc7eE.wav,1,0.11255372315645218,0.11255372315645218,0.0001653294311836362,openvoicev2,zeroshot,opensource,unknown,default,noise_mixed
fake/MSZOlG03_BY.wav,1,0.1121654212474823,0.1121654212474823,0.00016378609871026129,openvoicev2,zeroshot,opensource,unknown,default,noise_mixed
fake/N-iEsKBBxV0.wav,1,0.9830977320671082,0.9830977320671082,0.9051785469055176,openvoicev2,zeroshot,opensource,unknown,default,resampled
fake/NDbYhuta27I.wav,1,0.10958656668663025,0.10958656668663025,0.00016614315973129123,openvoicev2,zeroshot,opensource,unknown,default,noise_mixed
fake/NGCQZ7PD63Y.wav,1,0.11399339884519577,0.11399339884519577,0.00015982275363057852,openvoicev2,zeroshot,opensource,unknown,default,noise_mixed
fake/NTWsUMDSqcg.wav,1,0.12258237600326538,0.12258237600326538,0.0004915021127089858,openvoicev2,zeroshot,opensource,unknown,default,noise_mixed
fake/NcsNw0iVSk8.wav,1,0.9532108306884766,0.9532108306884766,0.8910191655158997,openvoicev2,zeroshot,opensource,unknown,default,codec_proxy
fake/O3m7Y8HkC-Y.wav,1,0.10690125077962875,0.10690125077962875,0.0001901227078633383,openvoicev2,zeroshot,opensource,unknown,default,noise_mixed
fake/P-Zy1Cev-2g.wav,1,0.10780276358127594,0.10780276358127594,0.00026130364858545363,openvoicev2,zeroshot,opensource,unknown,default,noise_mixed
fake/PoJ-TCQdx3I.wav,1,0.11209467798471451,0.11209467798471451,0.0001557427749503404,openvoicev2,zeroshot,opensource,unknown,default,noise_mixed
fake/Pwao6JRDg8U.wav,1,0.11430458724498749,0.11430458724498749,0.00014860037481412292,openvoicev2,zeroshot,opensource,unknown,default,noise_mixed
fake/Px2-d8tlfZ4.wav,1,0.8948845267295837,0.8948845267295837,0.8801109790802002,openvoicev2,zeroshot,opensource,unknown,default,resampled
fake/QMYeueY-xUA.wav,1,0.11311109364032745,0.11311109364032745,0.00015266741684172302,openvoicev2,zeroshot,opensource,unknown,default,noise_mixed
fake/RCbHVAlA4vw.wav,1,0.1118520200252533,0.1118520200252533,0.00015389997861348093,openvoicev2,zeroshot,opensource,unknown,default,noise_mixed
fake/RKKrZqrAzZM.wav,1,0.11398705095052719,0.11398705095052719,0.0001747466594679281,openvoicev2,zeroshot,opensource,unknown,default,noise_mixed
fake/RX_i9q_hmh4.wav,1,0.111811563372612,0.111811563372612,0.00014710640243720263,openvoicev2,zeroshot,opensource,unknown,default,noise_mixed
fake/S53_l6yjw0A.wav,1,0.10325136035680771,0.10325136035680771,0.00024838990066200495,openvoicev2,zeroshot,opensource,unknown,default,noise_mixed
fake/SALqptsM-bs.wav,1,0.10938529670238495,0.10938529670238495,0.00017176108667626977,openvoicev2,zeroshot,opensource,unknown,default,noise_mixed
fake/T5FYqO8d6io.wav,1,0.114488385617733,0.114488385617733,0.00025890785036608577,openvoicev2,zeroshot,opensource,unknown,default,noise_mixed
fake/T7MUR_Gouaw.wav,1,0.10936500132083893,0.10936500132083893,0.00017461823881603777,openvoicev2,zeroshot,opensource,unknown,default,noise_mixed
fake/TCWWmzGANpw.wav,1,0.11487925052642822,0.11487925052642822,0.00024401636619586498,openvoicev2,zeroshot,opensource,unknown,default,noise_mixed
fake/VLo_xIAiKzU.wav,1,0.10983333736658096,0.10983333736658096,0.00017628935165703297,openvoicev2,zeroshot,opensource,unknown,default,noise_mixed
fake/VfOI00CkNdk.wav,1,0.10944295674562454,0.10944295674562454,0.00023873989994172007,openvoicev2,zeroshot,opensource,unknown,default,noise_mixed
fake/Vrqcx-HFOH0.wav,1,0.11407134681940079,0.11407134681940079,0.0001459310296922922,openvoicev2,zeroshot,opensource,unknown,default,noise_mixed
fake/WA6UY3i89YQ.wav,1,0.11229220032691956,0.11229220032691956,0.00015193679428193718,openvoicev2,zeroshot,opensource,unknown,default,noise_mixed
fake/WkEf2tQOmnk.wav,1,0.11423855274915695,0.11423855274915695,0.000159166069352068,openvoicev2,zeroshot,opensource,unknown,default,noise_mixed
fake/Ws5mSHbRiNE.wav,1,0.10684609413146973,0.10684609413146973,0.0003093117557000369,openvoicev2,zeroshot,opensource,unknown,default,noise_mixed
fake/X17yrEV5sl4.wav,1,0.1097550317645073,0.1097550317645073,0.00023268794757314026,openvoicev2,zeroshot,opensource,unknown,default,noise_mixed
fake/X_Kev0o9qAY.wav,1,0.11245211958885193,0.11245211958885193,0.000157535367179662,openvoicev2,zeroshot,opensource,unknown,default,noise_mixed
fake/XlUooo-nYdI.wav,1,0.11134382337331772,0.11134382337331772,0.0001567300350870937,openvoicev2,zeroshot,opensource,unknown,default,noise_mixed
fake/YFbBp45mGhQ.wav,1,0.11559698730707169,0.11559698730707169,0.00018023136362899095,openvoicev2,zeroshot,opensource,unknown,default,noise_mixed
fake/_kUrbgyT26M.wav,1,0.11373674124479294,0.11373674124479294,0.00015057243581395596,openvoicev2,zeroshot,opensource,unknown,default,noise_mixed
fake/_p_fSRE6t0c.wav,1,0.23911108076572418,0.23911108076572418,0.005416413303464651,openvoicev2,zeroshot,opensource,unknown,default,noise_mixed
fake/a56wZm34it0.wav,1,0.20678569376468658,0.20678569376468658,0.003518918063491583,openvoicev2,zeroshot,opensource,unknown,default,noise_mixed
fake/aFhFcL8pIaU.wav,1,0.10947156697511673,0.10947156697511673,0.00018225466192234308,openvoicev2,zeroshot,opensource,unknown,default,noise_mixed
fake/aGH8_Ax47mQ.wav,1,0.11385127902030945,0.11385127902030945,0.0002102030994137749,openvoicev2,zeroshot,opensource,unknown,default,noise_mixed
fake/aPp5lcqgISk.wav,1,0.1075720489025116,0.1075720489025116,0.00019351259106770158,openvoicev2,zeroshot,opensource,unknown,default,noise_mixed
fake/bGQE0U_2Df8.wav,1,0.10833799093961716,0.10833799093961716,0.0001787789078662172,openvoicev2,zeroshot,opensource,unknown,default,noise_mixed
fake/c9tNqF6IQwY.wav,1,0.11240732669830322,0.11240732669830322,0.00017406634287908673,openvoicev2,zeroshot,opensource,unknown,default,noise_mixed
fake/cQ54GDm1eL0.wav,1,0.11182627826929092,0.11182627826929092,0.00017810972349252552,openvoicev2,zeroshot,opensource,unknown,default,noise_mixed
fake/cnUd0TpuoXI.wav,1,0.10967164486646652,0.10967164486646652,0.0001658634573686868,openvoicev2,zeroshot,opensource,unknown,default,noise_mixed
fake/d-zBKDswW0U.wav,1,0.11231353133916855,0.11231353133916855,0.00014852969616185874,openvoicev2,zeroshot,opensource,unknown,default,noise_mixed
fake/d78hp1B_020.wav,1,0.1139162927865982,0.1139162927865982,0.00015778522356413305,openvoicev2,zeroshot,opensource,unknown,default,noise_mixed
fake/dBQ3-Y30fhU.wav,1,0.11345396190881729,0.11345396190881729,0.0001547170541016385,openvoicev2,zeroshot,opensource,unknown,default,noise_mixed
fake/djEAPEB3axg.wav,1,0.12138207256793976,0.12138207256793976,0.000410005945013836,openvoicev2,zeroshot,opensource,unknown,default,noise_mixed
fake/dxszvluJKUw.wav,1,0.1093158945441246,0.1093158945441246,0.0001747991336742416,openvoicev2,zeroshot,opensource,unknown,default,noise_mixed
fake/e9hDan8vLTU.wav,1,0.11062238365411758,0.11062238365411758,0.0001815030409488827,openvoicev2,zeroshot,opensource,unknown,default,noise_mixed
fake/e_0KdeCMoR0.wav,1,0.115915946662426,0.115915946662426,0.00017636013217270374,openvoicev2,zeroshot,opensource,unknown,default,noise_mixed
fake/eypkkCyS9Fs.wav,1,0.10954364389181137,0.10954364389181137,0.00016536697512492537,openvoicev2,zeroshot,opensource,unknown,default,noise_mixed
fake/ffwVTe-7KgQ.wav,1,0.11401676386594772,0.11401676386594772,0.00014947750605642796,openvoicev2,zeroshot,opensource,unknown,default,noise_mixed
fake/hWSHh0kJz3s.wav,1,0.11779238283634186,0.11779238283634186,0.00021811120677739382,openvoicev2,zeroshot,opensource,unknown,default,noise_mixed
fake/hWc_Hq43CEs.wav,1,0.1155952662229538,0.1155952662229538,0.00018522044410929084,openvoicev2,zeroshot,opensource,unknown,default,noise_mixed
fake/hZ1GNQk7g-4.wav,1,0.12250903248786926,0.12250903248786926,0.00022390171943698078,openvoicev2,zeroshot,opensource,unknown,default,noise_mixed
fake/ha3gfD7S0_E.wav,1,0.12888473272323608,0.12888473272323608,0.000640275829937309,openvoicev2,zeroshot,opensource,unknown,default,noise_mixed
fake/iDi-3fbhQ70.wav,1,0.11231976747512817,0.11231976747512817,0.00015542012988589704,openvoicev2,zeroshot,opensource,unknown,default,noise_mixed
fake/iTkhB4VTm1E.wav,1,0.1071925014257431,0.1071925014257431,0.00022311344218906015,openvoicev2,zeroshot,opensource,unknown,default,noise_mixed
fake/iXF0zAawvW0.wav,1,0.11110102385282516,0.11110102385282516,0.0001659039407968521,openvoicev2,zeroshot,opensource,unknown,default,noise_mixed
fake/iZJDEr3QhSs.wav,1,0.11849342286586761,0.11849342286586761,0.0008768255356699228,openvoicev2,zeroshot,opensource,unknown,default,noise_mixed
fake/iod_tTLwOVg.wav,1,0.11232121288776398,0.11232121288776398,0.0001714268437353894,openvoicev2,zeroshot,opensource,unknown,default,noise_mixed
fake/ird7rRP-ujY.wav,1,0.08411816507577896,0.08411816507577896,0.012292666360735893,openvoicev2,zeroshot,opensource,unknown,default,noise_mixed
fake/iyiOVUbsPcM.wav,1,0.11137022823095322,0.11137022823095322,0.0002602911845315248,openvoicev2,zeroshot,opensource,unknown,default,noise_mixed
fake/jNki-1lW7y0.wav,1,0.11254196614027023,0.11254196614027023,0.00015584572975058109,openvoicev2,zeroshot,opensource,unknown,default,noise_mixed
fake/jz78fSnBG0s.wav,1,0.11868695914745331,0.11868695914745331,0.002848271746188402,openvoicev2,zeroshot,opensource,unknown,default,noise_mixed
fake/kIXRyQqW1QI.wav,1,0.11112521588802338,0.11112521588802338,0.0001659971458138898,openvoicev2,zeroshot,opensource,unknown,default,noise_mixed
fake/kaRbPjUTpLE.wav,1,0.11356283724308014,0.11356283724308014,0.0001616131339687854,openvoicev2,zeroshot,opensource,unknown,default,noise_mixed
fake/kz3HH-SBX2s.wav,1,0.11030912399291992,0.11030912399291992,0.00018091696256306022,openvoicev2,zeroshot,opensource,unknown,default,noise_mixed
fake/lUkW3uClhdk.wav,1,0.11285172402858734,0.11285172402858734,0.00014919484965503216,openvoicev2,zeroshot,opensource,unknown,default,noise_mixed
fake/lfXvKBxi_LU.wav,1,0.11710017919540405,0.11710017919540405,0.0002076394303003326,openvoicev2,zeroshot,opensource,unknown,default,noise_mixed
fake/mBiAPWV0LB8.wav,1,0.10975529998540878,0.10975529998540878,0.00018188539252150804,openvoicev2,zeroshot,opensource,unknown,default,noise_mixed
fake/mK_Qd6c1bew.wav,1,0.11259881407022476,0.11259881407022476,0.00015981360047589988,openvoicev2,zeroshot,opensource,unknown,default,noise_mixed
fake/o4CRhWxwd8g.wav,1,0.11572150886058807,0.11572150886058807,0.00017886741261463612,openvoicev2,zeroshot,opensource,unknown,default,noise_mixed
fake/oOR7Ebx4NcI.wav,1,0.1097814291715622,0.1097814291715622,0.00016650267934892327,openvoicev2,zeroshot,opensource,unknown,default,noise_mixed
fake/oxXpB9pSETo.wav,1,0.10866517573595047,0.10866517573595047,0.00022844914929009974,openvoicev2,zeroshot,opensource,unknown,default,noise_mixed
fake/pLVk6_kPLd0.wav,1,0.11065278202295303,0.11065278202295303,0.00019245418661739677,openvoicev2,zeroshot,opensource,unknown,default,noise_mixed
fake/q6ra0KDgVbg.wav,1,0.11150769889354706,0.11150769889354706,0.00017016711353790015,openvoicev2,zeroshot,opensource,unknown,default,noise_mixed
fake/qNJhmza4Des.wav,1,0.11124606430530548,0.11124606430530548,0.0001551272434880957,openvoicev2,zeroshot,opensource,unknown,default,noise_mixed
fake/qtlMVqgvUPY.wav,1,0.11579842120409012,0.11579842120409012,0.00015674692986067384,openvoicev2,zeroshot,opensource,unknown,default,noise_mixed
fake/rqv1GY3EIlg.wav,1,0.11125928163528442,0.11125928163528442,0.00015552951663266867,openvoicev2,zeroshot,opensource,unknown,default,noise_mixed
fake/sA7irxNuQtw.wav,1,0.11474106460809708,0.11474106460809708,0.00018357494263909757,openvoicev2,zeroshot,opensource,unknown,default,noise_mixed
fake/sEawDqYyBtE.wav,1,0.11010217666625977,0.11010217666625977,0.00017339957412332296,openvoicev2,zeroshot,opensource,unknown,default,noise_mixed
fake/sbFHhpYU15w.wav,1,0.1079946756362915,0.1079946756362915,0.00020074045460205525,openvoicev2,zeroshot,opensource,unknown,default,noise_mixed
fake/sfdzI1h9wwo.wav,1,0.11228368431329727,0.11228368431329727,0.00015245837857946754,openvoicev2,zeroshot,opensource,unknown,default,noise_mixed
fake/tNN6bfzA04w.wav,1,0.1147061288356781,0.1147061288356781,0.00022319279378280044,openvoicev2,zeroshot,opensource,unknown,default,noise_mixed
fake/tnrBQo3X5pQ.wav,1,0.11054696887731552,0.11054696887731552,0.00017489235324319452,openvoicev2,zeroshot,opensource,unknown,default,noise_mixed
fake/uZ5NGtV996s.wav,1,0.11036396771669388,0.11036396771669388,0.00016611337196081877,openvoicev2,zeroshot,opensource,unknown,default,noise_mixed
fake/uzLncXuSIRQ.wav,1,0.11489629745483398,0.11489629745483398,0.00019601175154093653,openvoicev2,zeroshot,opensource,unknown,default,noise_mixed
fake/wLg8fkQ0wGg.wav,1,0.1084638386964798,0.1084638386964798,0.00023542028793599457,openvoicev2,zeroshot,opensource,unknown,default,noise_mixed
fake/wV18vzAFqyE.wav,1,0.11165773123502731,0.11165773123502731,0.00016356012201867998,openvoicev2,zeroshot,opensource,unknown,default,noise_mixed
fake/wujyxqD9Lj8.wav,1,0.11247996240854263,0.11247996240854263,0.00015399452240671962,openvoicev2,zeroshot,opensource,unknown,default,noise_mixed
fake/xPOiufIBO1Y.wav,1,0.1112927570939064,0.1112927570939064,0.00015479819558095187,openvoicev2,zeroshot,opensource,unknown,default,noise_mixed
fake/yBzvVP_r1Ms.wav,1,0.15760034322738647,0.15760034322738647,0.0013847267255187035,openvoicev2,zeroshot,opensource,unknown,default,noise_mixed
fake/yVEhrIMc-ps.wav,1,0.18429628014564514,0.18429628014564514,0.0025028465315699577,openvoicev2,zeroshot,opensource,unknown,default,noise_mixed
fake/yniUvFfJWg8.wav,1,0.11239390075206757,0.11239390075206757,0.00015315660857595503,openvoicev2,zeroshot,opensource,unknown,default,noise_mixed
fake/yz8go3S7CaI.wav,1,0.10945729911327362,0.10945729911327362,0.00019863975467160344,openvoicev2,zeroshot,opensource,unknown,default,noise_mixed
fake/zwVrYpgsIGU.wav,1,0.12206588685512543,0.12206588685512543,0.0011624430771917105,openvoicev2,zeroshot,opensource,unknown,default,noise_mixed
real/-lPqD0Kj-gA.wav,0,0.10561847686767578,0.10561847686767578,0.00022643135162070394,librispeech,real,real,unknown,default,noise_mixed
real/0DOMlNJ9sOk.wav,0,0.11204493790864944,0.11204493790864944,0.0002009428571909666,librispeech,real,real,unknown,default,noise_mixed
real/0G5Wd3_HuJA.wav,0,0.10867172479629517,0.10867172479629517,0.00019044819055125117,librispeech,real,real,unknown,default,noise_mixed
real/0GMM-JHjWrQ.wav,0,0.5862263441085815,0.5862263441085815,0.3014644682407379,librispeech,real,real,unknown,default,noise_mixed
real/129qpOI2NFg.wav,0,0.8983193039894104,0.8983193039894104,0.8659271001815796,librispeech,real,real,unknown,default,codec_proxy
real/1Et6SxKt73s.wav,0,0.1139271929860115,0.1139271929860115,0.00015234443708322942,librispeech,real,real,unknown,default,noise_mixed
real/1n1VnbiOw3I.wav,0,0.1126130074262619,0.1126130074262619,0.0001586911384947598,librispeech,real,real,unknown,default,noise_mixed
real/25yZVZE4Sbc.wav,0,0.6665332913398743,0.6665332913398743,0.5429612398147583,librispeech,real,real,unknown,default,noise_mixed
real/2ebqLyO4bx4.wav,0,0.11381551623344421,0.11381551623344421,0.000157056754687801,librispeech,real,real,unknown,default,noise_mixed
real/31d7a3-qEHE.wav,0,0.13150495290756226,0.13150495290756226,0.0003447397903073579,librispeech,real,real,unknown,default,noise_mixed
real/4JAT13DTlP4.wav,0,0.12291903048753738,0.12291903048753738,0.001118187210522592,librispeech,real,real,unknown,default,noise_mixed
real/5-c3SWB0yjQ.wav,0,0.10779253393411636,0.10779253393411636,0.00024209455295931548,librispeech,real,real,unknown,default,noise_mixed
real/54y1sYLZjqs.wav,0,0.11286111176013947,0.11286111176013947,0.0001635994267417118,librispeech,real,real,unknown,default,noise_mixed
real/6B56wGAt1gc.wav,0,0.11192405968904495,0.11192405968904495,0.0001630560727789998,librispeech,real,real,unknown,default,noise_mixed
real/6DY7buYByKg.wav,0,0.11256378144025803,0.11256378144025803,0.00015589568647556007,librispeech,real,real,unknown,default,noise_mixed
real/6tghjtIUiIs.wav,0,0.11164066195487976,0.11164066195487976,0.00016081485955510288,librispeech,real,real,unknown,default,noise_mixed
real/77pnVFLkUjM.wav,0,0.1173495426774025,0.1173495426774025,0.00017650060181040317,librispeech,real,real,unknown,default,noise_mixed
real/7qT0Stb3QNY.wav,0,0.11224813014268875,0.11224813014268875,0.00015589047688990831,librispeech,real,real,unknown,default,noise_mixed
real/8KEFhOlLIaI.wav,0,0.11036261171102524,0.11036261171102524,0.00016878773749340326,librispeech,real,real,unknown,default,noise_mixed
real/8S0FDjFBj8o.wav,0,0.11748726665973663,0.11748726665973663,0.00016318143752869219,librispeech,real,real,unknown,default,noise_mixed
real/ALAkM4O3aBg.wav,0,0.10988406836986542,0.10988406836986542,0.00018081330927088857,librispeech,real,real,unknown,default,noise_mixed
real/AWq6rYKvTnU.wav,0,0.11176420003175735,0.11176420003175735,0.0001549115841044113,librispeech,real,real,unknown,default,noise_mixed
real/Ajg6O9Dn76E.wav,0,0.11582957953214645,0.11582957953214645,0.00019954677554778755,librispeech,real,real,unknown,default,noise_mixed
real/B0K7dR_2grw.wav,0,0.10691109299659729,0.10691109299659729,0.00020075670909136534,librispeech,real,real,unknown,default,noise_mixed
real/BBqB2RMiiGE.wav,0,0.1088380441069603,0.1088380441069603,0.00020432040037121624,librispeech,real,real,unknown,default,noise_mixed
real/BCmq1cppE3c.wav,0,0.10921889543533325,0.10921889543533325,0.0001988095318665728,librispeech,real,real,unknown,default,noise_mixed
real/BtwF7Y0_MTQ.wav,0,0.11079410463571548,0.11079410463571548,0.0001696795952739194,librispeech,real,real,unknown,default,noise_mixed
real/CBI-go7GK60.wav,0,0.10879506915807724,0.10879506915807724,0.0002131873625330627,librispeech,real,real,unknown,default,noise_mixed
real/DGoTBvQp6YE.wav,0,0.11138448864221573,0.11138448864221573,0.00016542390221729875,librispeech,real,real,unknown,default,noise_mixed
real/DRiV4KZBoIY.wav,0,0.10602331906557083,0.10602331906557083,0.00022732108482159674,librispeech,real,real,unknown,default,noise_mixed
real/EJo8THIsRpI.wav,0,0.11259052157402039,0.11259052157402039,0.00015699643699917942,librispeech,real,real,unknown,default,noise_mixed
real/EcHdO6dwaG0.wav,0,0.11220085620880127,0.11220085620880127,0.00016331809456460178,librispeech,real,real,unknown,default,noise_mixed
real/EwQoEqiKPxA.wav,0,0.11318295449018478,0.11318295449018478,0.00017815879255067557,librispeech,real,real,unknown,default,noise_mixed
real/F4IQcdJBats.wav,0,0.12464801222085953,0.12464801222085953,0.0002716335584409535,librispeech,real,real,unknown,default,noise_mixed
real/FV7SOOje_MQ.wav,0,0.13383962213993073,0.13383962213993073,0.0018487295601516962,librispeech,real,real,unknown,default,noise_mixed
real/Fnt6P7Rnho8.wav,0,0.13340060412883759,0.13340060412883759,0.0003704824484884739,librispeech,real,real,unknown,default,noise_mixed
real/G0ueX-JYdSI.wav,0,0.10856397449970245,0.10856397449970245,0.00018897216068580747,librispeech,real,real,unknown,default,noise_mixed
real/G3kKRhDx_Kc.wav,0,0.11679594218730927,0.11679594218730927,0.00024472581571899354,librispeech,real,real,unknown,default,noise_mixed
real/GeInZ3pi2I8.wav,0,0.11134491115808487,0.11134491115808487,0.0001806499349186197,librispeech,real,real,unknown,default,noise_mixed
real/HssYmSmQ9d8.wav,0,0.10922215133905411,0.10922215133905411,0.0001771603710949421,librispeech,real,real,unknown,default,noise_mixed
real/I5tOGGwWuOI.wav,0,0.11336702108383179,0.11336702108383179,0.00016677567327860743,librispeech,real,real,unknown,default,noise_mixed
real/Ie2KwIuKRcs.wav,0,0.1111808568239212,0.1111808568239212,0.0001653294311836362,librispeech,real,real,unknown,default,noise_mixed
real/Igv2UTElIOU.wav,0,0.11485946923494339,0.11485946923494339,0.00015890585200395435,librispeech,real,real,unknown,default,noise_mixed
real/J2ehxgOwKIk.wav,0,0.11328882724046707,0.11328882724046707,0.00015838623221497983,librispeech,real,real,unknown,default,noise_mixed
real/JOE0SX1Y1ps.wav,0,0.1104753240942955,0.1104753240942955,0.0001961974339792505,librispeech,real,real,unknown,default,noise_mixed
real/KHXshkTvzJQ.wav,0,0.11222533881664276,0.11222533881664276,0.00016813188267406076,librispeech,real,real,unknown,default,noise_mixed
real/KPwNAJ-JpHU.wav,0,0.1119902953505516,0.1119902953505516,0.0001717018021736294,librispeech,real,real,unknown,default,noise_mixed
real/MUlett5j-Ws.wav,0,0.11162520200014114,0.11162520200014114,0.0001693474332569167,librispeech,real,real,unknown,default,noise_mixed
real/NPeQGDHPiZM.wav,0,0.11024724692106247,0.11024724692106247,0.00017968655447475612,librispeech,real,real,unknown,default,noise_mixed
real/NWzpSEFDYJM.wav,0,0.11274140328168869,0.11274140328168869,0.00016005500219762325,librispeech,real,real,unknown,default,noise_mixed
real/NcB-FuewPAE.wav,0,0.11320380121469498,0.11320380121469498,0.00023081546532921493,librispeech,real,real,unknown,default,noise_mixed
real/NgrwfE0FlbE.wav,0,0.11286141723394394,0.11286141723394394,0.00016187856090255082,librispeech,real,real,unknown,default,noise_mixed
real/OBGRIZbJ4vw.wav,0,0.10938883572816849,0.10938883572816849,0.0001909932034322992,librispeech,real,real,unknown,default,noise_mixed
real/OHACKSuLsZI.wav,0,0.12115657329559326,0.12115657329559326,0.0003546167863532901,librispeech,real,real,unknown,default,noise_mixed
real/OgXMSQLFvlY.wav,0,0.10823584347963333,0.10823584347963333,0.00017677158757578582,librispeech,real,real,unknown,default,noise_mixed
real/OyjCNaf9sKA.wav,0,0.11784068495035172,0.11784068495035172,0.00016994529869407415,librispeech,real,real,unknown,default,noise_mixed
real/P16xhPUcckY.wav,0,0.10482891649007797,0.10482891649007797,0.00022374380205292255,librispeech,real,real,unknown,default,noise_mixed
real/PwaNLlX0En0.wav,0,0.10767371952533722,0.10767371952533722,0.00021113455295562744,librispeech,real,real,unknown,default,noise_mixed
real/QTau-xHsz80.wav,0,0.1012158915400505,0.1012158915400505,0.0005966461030766368,librispeech,real,real,unknown,default,noise_mixed
real/QV1cH1dqgIA.wav,0,0.1681835949420929,0.1681835949420929,0.005210282281041145,librispeech,real,real,unknown,default,noise_mixed
real/Si7jBa2Khrs.wav,0,0.11249258369207382,0.11249258369207382,0.00015614127914886922,librispeech,real,real,unknown,default,noise_mixed
real/TnlKgZyR0d0.wav,0,0.11130953580141068,0.11130953580141068,0.00015820434782654047,librispeech,real,real,unknown,default,noise_mixed
real/TyrHqJdgU7w.wav,0,0.11088579893112183,0.11088579893112183,0.0001688126940280199,librispeech,real,real,unknown,default,noise_mixed
real/VbbNxH8F0IE.wav,0,0.14267858862876892,0.14267858862876892,0.0005135926185175776,librispeech,real,real,unknown,default,noise_mixed
real/VxnPd0PgqjU.wav,0,0.10922794044017792,0.10922794044017792,0.0001706902403384447,librispeech,real,real,unknown,default,noise_mixed
real/WR1ydijTx5E.wav,0,0.11072053760290146,0.11072053760290146,0.00016263959696516395,librispeech,real,real,unknown,default,noise_mixed
real/WuYQeTXlXDI.wav,0,0.11196819692850113,0.11196819692850113,0.00017261812172364444,librispeech,real,real,unknown,default,noise_mixed
real/WwE-WIdIzz8.wav,0,0.12565085291862488,0.12565085291862488,0.002833503531292081,librispeech,real,real,unknown,default,noise_mixed
real/XU9UOAb6O10.wav,0,0.8432217836380005,0.8432217836380005,0.8208810687065125,librispeech,real,real,unknown,default,noise_mixed
real/Y2dS2nQK5wo.wav,0,0.1149643212556839,0.1149643212556839,0.0001754090772010386,librispeech,real,real,unknown,default,noise_mixed
real/YYQaJ-by6GY.wav,0,0.10997465252876282,0.10997465252876282,0.00018293016182724386,librispeech,real,real,unknown,default,noise_mixed
real/Yq0QkCxoTHM.wav,0,0.1106884777545929,0.1106884777545929,0.00016412661352660507,librispeech,real,real,unknown,default,noise_mixed
real/ZZ6kF5RpfNA.wav,0,0.5955453515052795,0.5955453515052795,0.2675595283508301,librispeech,real,real,unknown,default,codec_proxy
real/Znkz6BuVOIc.wav,0,0.14373329281806946,0.14373329281806946,0.0007893479196354747,librispeech,real,real,unknown,default,noise_mixed
real/ZqRoGWcBHHc.wav,0,0.10947456955909729,0.10947456955909729,0.0001987301220651716,librispeech,real,real,unknown,default,noise_mixed
real/aE3qxn_D2NY.wav,0,0.9038558006286621,0.9038558006286621,0.8617514371871948,librispeech,real,real,unknown,default,noise_mixed
real/aYsishoUDKk.wav,0,0.11141405254602432,0.11141405254602432,0.0001991109602386132,librispeech,real,real,unknown,default,noise_mixed
real/akl64a9Fk5A.wav,0,0.11078950017690659,0.11078950017690659,0.0001787037617759779,librispeech,real,real,unknown,default,noise_mixed
real/awWkhfdpP5c.wav,0,0.11262135952711105,0.11262135952711105,0.00018398584506940097,librispeech,real,real,unknown,default,noise_mixed
real/bRCcziEr37c.wav,0,0.11146406084299088,0.11146406084299088,0.00017659555305726826,librispeech,real,real,unknown,default,noise_mixed
real/bmrol7uq7gM.wav,0,0.11270160973072052,0.11270160973072052,0.0001508111017756164,librispeech,real,real,unknown,default,noise_mixed
real/bvGgQcrCvoE.wav,0,0.11129368841648102,0.11129368841648102,0.00024157919688150287,librispeech,real,real,unknown,default,noise_mixed
real/cDEwenlY9Xo.wav,0,0.11217312514781952,0.11217312514781952,0.00015725877892691642,librispeech,real,real,unknown,default,noise_mixed
real/cGZWR5S1lCo.wav,0,0.11302372068166733,0.11302372068166733,0.00016086622781585902,librispeech,real,real,unknown,default,noise_mixed
real/d2N40L2yt54.wav,0,0.10947215557098389,0.10947215557098389,0.00018091316451318562,librispeech,real,real,unknown,default,noise_mixed
real/dhgjnAxD6-k.wav,0,0.11300322413444519,0.11300322413444519,0.00021439572446979582,librispeech,real,real,unknown,default,noise_mixed
real/dqlO6_5rZSQ.wav,0,0.1144598200917244,0.1144598200917244,0.00020182460139039904,librispeech,real,real,unknown,default,noise_mixed
real/eN2jqTilLOM.wav,0,0.11386264115571976,0.11386264115571976,0.0001679364067967981,librispeech,real,real,unknown,default,noise_mixed
real/efI-BHwqGWs.wav,0,0.1121659129858017,0.1121659129858017,0.0001710558426566422,librispeech,real,real,unknown,default,noise_mixed
real/fAUHW0eIHm4.wav,0,0.10939182341098785,0.10939182341098785,0.00023914357007015496,librispeech,real,real,unknown,default,noise_mixed
real/g--P4NcjxOM.wav,0,0.1094343438744545,0.1094343438744545,0.00017622851009946316,librispeech,real,real,unknown,default,noise_mixed
real/g6mm9uasf4Q.wav,0,0.11123252660036087,0.11123252660036087,0.00021987159561831504,librispeech,real,real,unknown,default,noise_mixed
real/h0uB_GJJ6Io.wav,0,0.22459663450717926,0.22459663450717926,0.00423431908711791,librispeech,real,real,unknown,default,noise_mixed
real/hIt_5Q24BSQ.wav,0,0.11095550656318665,0.11095550656318665,0.0001785117929102853,librispeech,real,real,unknown,default,noise_mixed
real/hfMpbMpEhV8.wav,0,0.5222481489181519,0.5222481489181519,0.05170264467597008,librispeech,real,real,unknown,default,noise_mixed
real/hnJoCETK-50.wav,0,0.1402704119682312,0.1402704119682312,0.0006891598459333181,librispeech,real,real,unknown,default,noise_mixed
real/iTpQEWVftaY.wav,0,0.11166191846132278,0.11166191846132278,0.0002041478583123535,librispeech,real,real,unknown,default,noise_mixed
real/j80Do9negnQ.wav,0,0.11281801760196686,0.11281801760196686,0.00018577226728666574,librispeech,real,real,unknown,default,noise_mixed
real/jX5cH_6wJqs.wav,0,0.11302952468395233,0.11302952468395233,0.00014664983609691262,librispeech,real,real,unknown,default,noise_mixed
real/jhiuv3Ar3PE.wav,0,0.1130201667547226,0.1130201667547226,0.00015810887271072716,librispeech,real,real,unknown,default,noise_mixed
real/jioNdleIEeo.wav,0,0.11176913231611252,0.11176913231611252,0.0001789474335964769,librispeech,real,real,unknown,default,noise_mixed
real/jtl5XK7QP38.wav,0,0.1122463271021843,0.1122463271021843,0.0001569458399899304,librispeech,real,real,unknown,default,noise_mixed
real/kFgkCLLcLuw.wav,0,0.10541999340057373,0.10541999340057373,0.00021634550648741424,librispeech,real,real,unknown,default,noise_mixed
real/kHaY4lev2ps.wav,0,0.11198916286230087,0.11198916286230087,0.00016690023767296225,librispeech,real,real,unknown,default,noise_mixed
real/l-geNHuRmxg.wav,0,0.10999514162540436,0.10999514162540436,0.0001658601249800995,librispeech,real,real,unknown,default,noise_mixed
real/lSN7IeHBIsA.wav,0,0.11959804594516754,0.11959804594516754,0.0002478762762621045,librispeech,real,real,unknown,default,noise_mixed
real/lzILoMjEpaE.wav,0,0.10650528967380524,0.10650528967380524,0.00024258207122329623,librispeech,real,real,unknown,default,noise_mixed
real/m5TaxX6RHZ4.wav,0,0.11086661368608475,0.11086661368608475,0.00016526370018254966,librispeech,real,real,unknown,default,noise_mixed
real/nwAneUNaKOQ.wav,0,0.11013374477624893,0.11013374477624893,0.00016806504572741687,librispeech,real,real,unknown,default,noise_mixed
real/nwNny5QSWLY.wav,0,0.11103080958127975,0.11103080958127975,0.00017491936159785837,librispeech,real,real,unknown,default,noise_mixed
real/nzZ32Sz62Ko.wav,0,0.11076220870018005,0.11076220870018005,0.00019920327758882195,librispeech,real,real,unknown,default,noise_mixed
real/oJXQp4WG9vQ.wav,0,0.10883775353431702,0.10883775353431702,0.0002319837367394939,librispeech,real,real,unknown,default,noise_mixed
real/pEYAy5kogaw.wav,0,0.10423003882169724,0.10423003882169724,0.00025888116215355694,librispeech,real,real,unknown,default,noise_mixed
real/pGGlqg0a5zc.wav,0,0.11203722655773163,0.11203722655773163,0.00015058479038998485,librispeech,real,real,unknown,default,noise_mixed
real/prfaWHQoxVg.wav,0,0.11363494396209717,0.11363494396209717,0.00015488913049921393,librispeech,real,real,unknown,default,noise_mixed
real/q5LiK1_u7Zk.wav,0,0.10965199023485184,0.10965199023485184,0.00017327064415439963,librispeech,real,real,unknown,default,noise_mixed
real/qGKjXCxMHXo.wav,0,0.5495564937591553,0.5495564937591553,0.10225636512041092,librispeech,real,real,unknown,default,noise_mixed
real/qaHLd8de6nM.wav,0,0.10931173712015152,0.10931173712015152,0.0001858372997958213,librispeech,real,real,unknown,default,noise_mixed
real/qgce06Yw2ro.wav,0,0.1093277633190155,0.1093277633190155,0.00017629237845540047,librispeech,real,real,unknown,default,noise_mixed
real/qlIL9F5xHDw.wav,0,0.11261922866106033,0.11261922866106033,0.0001599419629201293,librispeech,real,real,unknown,default,noise_mixed
real/s11qjmvTdJ8.wav,0,0.11049753427505493,0.11049753427505493,0.00018166060908697546,librispeech,real,real,unknown,default,noise_mixed
real/s4i9hvNQeqM.wav,0,0.21600505709648132,0.21600505709648132,0.0035074776969850063,librispeech,real,real,unknown,default,noise_mixed
real/sLL4JxhdFtA.wav,0,0.11164752393960953,0.11164752393960953,0.00016574724577367306,librispeech,real,real,unknown,default,noise_mixed
real/t5dvCMWrItk.wav,0,0.11055760830640793,0.11055760830640793,0.00017157921683974564,librispeech,real,real,unknown,default,noise_mixed
real/tLv9IqcoNe8.wav,0,0.11026011407375336,0.11026011407375336,0.00017853957251645625,librispeech,real,real,unknown,default,noise_mixed
real/tt4UUSP-WoY.wav,0,0.1106196790933609,0.1106196790933609,0.00017510961333755404,librispeech,real,real,unknown,default,noise_mixed
real/uEeFAmHXgm8.wav,0,0.11862705647945404,0.11862705647945404,0.00023179955314844847,librispeech,real,real,unknown,default,noise_mixed
real/uvROISVUdKE.wav,0,0.11142143607139587,0.11142143607139587,0.00016469536058139056,librispeech,real,real,unknown,default,noise_mixed
real/vJs7siqQE6s.wav,0,0.11121419072151184,0.11121419072151184,0.00019424906349740922,librispeech,real,real,unknown,default,noise_mixed
real/w6zJc_yrvOE.wav,0,0.10607100278139114,0.10607100278139114,0.00022940868802834302,librispeech,real,real,unknown,default,noise_mixed
real/wmm0VKd-d08.wav,0,0.11419862508773804,0.11419862508773804,0.00017883602413348854,librispeech,real,real,unknown,default,noise_mixed
real/wswxrDiSiHI.wav,0,0.11027956008911133,0.11027956008911133,0.00022116085165180266,librispeech,real,real,unknown,default,noise_mixed
real/xHtbTRYz45M.wav,0,0.10730517655611038,0.10730517655611038,0.00023493279877584428,librispeech,real,real,unknown,default,noise_mixed
real/xbP371JPwOE.wav,0,0.08512938022613525,0.08512938022613525,0.004358136095106602,librispeech,real,real,unknown,default,noise_mixed
real/xn36L8-vWlw.wav,0,0.11109261959791183,0.11109261959791183,0.00016491739370394498,librispeech,real,real,unknown,default,noise_mixed
real/yHJWqhhl9eE.wav,0,0.1103493794798851,0.1103493794798851,0.00017704773927107453,librispeech,real,real,unknown,default,noise_mixed
real/yMJuH-Txak8.wav,0,0.24536381661891937,0.24536381661891937,0.006624771747738123,librispeech,real,real,unknown,default,noise_mixed
real/yUb2N4FMd34.wav,0,0.11660178005695343,0.11660178005695343,0.0001593013439560309,librispeech,real,real,unknown,default,noise_mixed
real/yWaoSxzaL_A.wav,0,0.10951216518878937,0.10951216518878937,0.0001712618104647845,librispeech,real,real,unknown,default,noise_mixed
real/zkbtDajZ4Ng.wav,0,0.16172422468662262,0.16172422468662262,0.0012313119368627667,librispeech,real,real,unknown,default,noise_mixed
real/zoNppWjDYJw.wav,0,0.11396512389183044,0.11396512389183044,0.00016135875193867832,librispeech,real,real,unknown,default,noise_mixed
real/ztulPcQydrY.wav,0,0.11109046638011932,0.11109046638011932,0.00021455585374496877,librispeech,real,real,unknown,default,noise_mixed
real/zu3HSRohUgE.wav,0,0.1114257201552391,0.1114257201552391,0.00017379717610310763,librispeech,real,real,unknown,default,noise_mixed
